Name,Email1,Email2
Dinesh 01,dinesh_01@hotmail.com,dinesh_31@gmail.com
Dinesh 02,dinesh_02@hotmail.com,dinesh_32@gmail.com
Dinesh 03,dinesh_03@hotmail.com,dinesh_33@gmail.com
Dinesh 04,dinesh_04@hotmail.com,dinesh_34@gmail.com
Dinesh 05,dinesh_05@hotmail.com,dinesh_35@gmail.com
Dinesh 06,dinesh_06@hotmail.com,dinesh_36@gmail.com
Dinesh 07,dinesh_07@hotmail.com,dinesh_37@gmail.com
Dinesh 08,dinesh_08@hotmail.com,dinesh_38@gmail.com
Dinesh 09,dinesh_09@hotmail.com,dinesh_39@gmail.com
Dinesh 10,dinesh_10@hotmail.com,dinesh_40@gmail.com
Dinesh 11,dinesh_11@hotmail.com,dinesh_41@gmail.com
Dinesh 12,dinesh_12@hotmail.com,dinesh_42@gmail.com
Dinesh 13,dinesh_13@hotmail.com,dinesh_43@gmail.com
Dinesh 14,dinesh_14@hotmail.com,dinesh_44@gmail.com
Dinesh 15,dinesh_15@hotmail.com,dinesh_45@gmail.com
Dinesh 16,dinesh_16@hotmail.com,dinesh_46@gmail.com
Dinesh 17,dinesh_17@hotmail.com,dinesh_47@gmail.com
Dinesh 18,dinesh_18@hotmail.com,dinesh_48@gmail.com
Dinesh 19,dinesh_19@hotmail.com,dinesh_49@gmail.com
Dinesh 20,dinesh_20@hotmail.com,dinesh_50@gmail.com
Dinesh 21,dinesh_21@hotmail.com,dinesh_51@gmail.com
Dinesh 22,dinesh_22@hotmail.com,dinesh_52@gmail.com
Dinesh 23,dinesh_23@hotmail.com,dinesh_53@gmail.com
Dinesh 24,dinesh_24@hotmail.com,dinesh_54@gmail.com
Dinesh 25,dinesh_25@hotmail.com,dinesh_55@gmail.com
Dinesh 26,dinesh_26@hotmail.com,dinesh_56@gmail.com
Dinesh 27,dinesh_27@hotmail.com,dinesh_57@gmail.com
Dinesh 28,dinesh_28@hotmail.com,dinesh_58@gmail.com
Dinesh 29,dinesh_29@hotmail.com,dinesh_59@gmail.com
Dinesh 30,dinesh_30@hotmail.com,dinesh_60@gmail.com
